"[""nm"",643]",2
"[""va"",677]",2
"[""wy"",674]",4
"[""ky"",607]",1
"[""tn"",653]",2
"[""co"",689]",2
"[""ut"",606]",1
"[""va"",605]",1
"[""mi"",656]",1
"[""ky"",666]",1
"[""me"",617]",1
"[""vt"",617]",1
"[""mo"",653]",3
"[""mo"",640]",2
"[""ar"",686]",3
"[""ca"",644]",2
"[""ms"",643]",2
"[""ca"",676]",1
"[""ma"",676]",1
"[""nc"",675]",4
"[""mn"",600]",2
"[""tx"",682]",1
"[""sd"",609]",1
"[""ma"",606]",2
"[""ma"",664]",1
"[""ca"",637]",3
"[""in"",628]",1
"[""la"",614]",1
"[""az"",674]",2
"[""ia"",612]",2
"[""de"",687]",1
"[""hi"",680]",1
"[""ok"",610]",2
"[""nd"",670]",2
"[""al"",643]",1
"[""in"",610]",2
"[""oh"",636]",2
"[""hi"",627]",2
"[""tn"",677]",2
"[""oh"",634]",3
"[""ga"",633]",1
"[""de"",622]",1
"[""ma"",611]",1
"[""ny"",627]",1
"[""ma"",683]",1
"[""ut"",680]",1
"[""mi"",633]",1
"[""tn"",633]",1
"[""mi"",649]",1
"[""az"",601]",2
"[""ne"",646]",2
"[""il"",654]",1
"[""mo"",635]",2
"[""md"",642]",1
"[""ar"",625]",2
"[""ma"",627]",1
"[""ct"",658]",1
"[""pa"",687]",1
"[""sc"",626]",1
"[""wa"",634]",2
"[""mo"",646]",1
"[""ky"",642]",2
"[""sc"",614]",1
"[""sc"",672]",2
"[""tn"",642]",2
"[""nm"",636]",1
"[""ar"",602]",2
"[""wi"",606]",3
"[""nm"",602]",1
"[""me"",606]",2
"[""ri"",618]",1
"[""ok"",669]",1
"[""mn"",626]",1
"[""va"",684]",1
"[""la"",679]",2
"[""pa"",692]",1
"[""id"",667]",3
"[""nv"",651]",1
"[""hi"",697]",2
"[""or"",660]",1
"[""la"",661]",2
"[""il"",671]",2
"[""me"",641]",1
"[""fl"",643]",1
"[""oh"",662]",1
"[""mo"",629]",1
"[""co"",630]",1
"[""fl"",625]",1
"[""nc"",622]",1
"[""nj"",617]",4
"[""vt"",643]",1
"[""tn"",699]",2
"[""nc"",662]",5
"[""mt"",667]",1
"[""ga"",607]",1
"[""oh"",659]",1
"[""ky"",625]",2
"[""ri"",653]",1
"[""ma"",685]",1
"[""md"",620]",1
"[""de"",602]",1
"[""ak"",695]",2
"[""md"",609]",1
"[""az"",609]",1
"[""nd"",695]",2
"[""mn"",618]",1
"[""ut"",605]",4
"[""id"",672]",1
"[""sc"",654]",2
"[""ne"",626]",2
"[""hi"",652]",1
"[""ak"",646]",3
"[""ky"",659]",2
"[""nh"",681]",1
"[""ut"",668]",1
"[""ma"",650]",3
"[""nv"",600]",1
"[""co"",617]",2
"[""al"",650]",1
"[""nj"",628]",1
"[""wi"",600]",1
"[""de"",644]",2
"[""wa"",645]",1
"[""ms"",648]",2
"[""sd"",617]",2
"[""il"",695]",2
"[""il"",700]",2
"[""hi"",695]",1
"[""il"",615]",2
"[""ks"",690]",1
"[""or"",654]",1
"[""va"",616]",1
"[""fl"",674]",2
"[""de"",680]",2
"[""ct"",614]",2
"[""me"",676]",1
"[""ma"",628]",1
"[""or"",697]",1
"[""il"",627]",1
"[""wv"",687]",3
"[""dc"",671]",1
"[""tx"",602]",1
"[""nv"",633]",1
"[""pa"",606]",2
"[""ny"",681]",1
"[""in"",636]",1
"[""tn"",637]",2
"[""ri"",626]",2
"[""nc"",628]",1
"[""ny"",612]",1
"[""ak"",606]",2
"[""ar"",622]",1
"[""nv"",647]",1
"[""ma"",632]",2
"[""wv"",671]",1
"[""ca"",629]",4
"[""or"",606]",1
"[""mt"",638]",1
"[""nj"",661]",2
"[""ar"",693]",3
"[""nm"",657]",1
"[""ca"",690]",4
"[""nc"",689]",1
"[""md"",678]",1
"[""tx"",603]",1
"[""nj"",665]",1
"[""in"",633]",2
"[""ga"",655]",1
"[""mo"",612]",3
"[""mi"",612]",2
"[""pa"",659]",1
"[""mo"",654]",2
"[""az"",684]",2
"[""ca"",623]",2
"[""ca"",687]",3
"[""sd"",621]",1
"[""ia"",664]",4
"[""wv"",642]",3
"[""ut"",689]",1
"[""wi"",637]",1
"[""fl"",630]",1
"[""pa"",604]",1
"[""ma"",602]",1
"[""co"",664]",2
"[""ks"",607]",1
"[""nd"",601]",1
"[""ms"",618]",2
"[""id"",680]",1
"[""me"",648]",1
"[""ok"",679]",1
"[""wa"",683]",2
"[""va"",691]",2
"[""ct"",685]",2
"[""wy"",690]",3
"[""mo"",608]",2
"[""co"",647]",2
"[""mo"",674]",2
"[""me"",670]",2
"[""ms"",638]",2
"[""nc"",692]",1
"[""ar"",672]",3
"[""mt"",611]",1
"[""nm"",651]",2
"[""nc"",699]",3
"[""il"",698]",1
"[""ca"",651]",2
"[""co"",665]",2
"[""me"",609]",2
"[""id"",651]",2
"[""id"",624]",1
"[""oh"",651]",1
"[""wv"",634]",2
"[""az"",663]",1
"[""tn"",681]",2
"[""vt"",607]",1
"[""mn"",673]",1
"[""vt"",648]",2
"[""dc"",648]",1
"[""ok"",683]",2
"[""mt"",648]",1
"[""nm"",619]",1
"[""id"",690]",2
"[""mi"",661]",3
"[""nj"",674]",2
"[""ny"",605]",1
"[""hi"",621]",2
"[""wi"",692]",1
"[""al"",632]",2
"[""ia"",674]",1
"[""fl"",600]",2
"[""ms"",626]",2
"[""ca"",632]",1
"[""ri"",655]",3
"[""oh"",681]",2
"[""ma"",613]",1
"[""ne"",643]",3
"[""ne"",684]",2
"[""tn"",627]",2
"[""al"",695]",1
"[""ut"",650]",3
"[""fl"",687]",1
"[""ga"",674]",2
"[""tn"",636]",1
"[""pa"",617]",1
"[""wy"",628]",1
"[""ar"",623]",3
"[""mi"",663]",2
"[""nj"",676]",1
"[""nj"",668]",1
"[""vt"",677]",5
"[""ak"",635]",2
"[""in"",640]",2
"[""ky"",600]",1
"[""wy"",632]",1
"[""in"",699]",2
"[""dc"",658]",1
"[""wy"",669]",2
"[""ak"",691]",1
"[""vt"",699]",3
"[""mt"",633]",1
"[""nm"",682]",2
"[""wi"",693]",2
"[""hi"",668]",3
"[""id"",687]",1
"[""nd"",673]",1
"[""ca"",662]",1
"[""la"",629]",3
"[""ky"",647]",1
"[""nd"",669]",1
"[""ok"",652]",1
"[""nc"",661]",1
"[""az"",631]",1
"[""ar"",650]",1
"[""ma"",630]",2
"[""ky"",639]",3
"[""me"",655]",2
"[""vt"",700]",1
"[""ut"",687]",3
"[""ar"",615]",2
"[""ri"",656]",1
"[""in"",688]",1
"[""mt"",696]",1
"[""mt"",605]",2
"[""vt"",625]",3
"[""il"",681]",1
"[""ky"",641]",3
"[""ca"",622]",2
"[""tx"",615]",1
"[""in"",655]",2
"[""ca"",614]",3
"[""ri"",693]",1
"[""va"",629]",1
"[""tn"",646]",3
"[""or"",622]",2
"[""tn"",654]",1
"[""ga"",641]",1
"[""wi"",642]",1
"[""ne"",627]",1
"[""ne"",644]",1
"[""tx"",692]",1
"[""al"",627]",1
"[""la"",635]",3
"[""wv"",636]",1
"[""wa"",655]",1
"[""nd"",666]",2
"[""hi"",700]",3
"[""ut"",649]",3
"[""ms"",692]",1
"[""wy"",663]",1
"[""nj"",691]",2
"[""ia"",644]",1
"[""md"",607]",1
"[""ar"",629]",1
"[""or"",688]",1
"[""ia"",635]",1
"[""ne"",631]",2
"[""or"",645]",3
"[""nc"",616]",1
"[""ri"",697]",1
"[""sd"",694]",1
"[""mi"",646]",2
"[""ms"",688]",1
"[""ms"",609]",3
"[""in"",654]",1
"[""ok"",681]",2
"[""wv"",657]",1
"[""nc"",606]",5
"[""nm"",630]",1
"[""ri"",667]",2
"[""sc"",645]",1
"[""ms"",644]",2
"[""nc"",666]",2
"[""mt"",636]",2
"[""va"",683]",1
"[""mn"",632]",1
"[""al"",664]",1
"[""ne"",604]",1
"[""ut"",694]",2
"[""co"",695]",1
"[""tx"",613]",1
"[""nm"",693]",2
"[""co"",693]",1
"[""wy"",606]",1
"[""ma"",644]",1
"[""il"",638]",1
"[""ne"",607]",1
"[""in"",674]",1
"[""nd"",637]",1
"[""ga"",636]",3
"[""mi"",606]",1
"[""wv"",610]",2
"[""nc"",697]",2
"[""ak"",615]",4
"[""nj"",658]",2
"[""ut"",604]",1
"[""la"",645]",1
"[""nv"",677]",3
"[""id"",686]",1
"[""fl"",637]",1
"[""tn"",658]",1
"[""mn"",609]",1
"[""in"",624]",1
"[""ny"",623]",2
"[""wv"",659]",3
"[""ga"",652]",3
"[""ms"",611]",1
"[""tn"",601]",1
"[""mt"",613]",1
"[""wi"",669]",1
"[""pa"",690]",2
"[""wi"",694]",1
"[""sc"",643]",2
"[""ia"",619]",1
"[""nh"",671]",1
"[""de"",657]",1
"[""ia"",667]",2
"[""ga"",696]",1
"[""co"",628]",1
"[""wy"",697]",3
"[""mi"",693]",1
"[""or"",664]",1
"[""az"",682]",1
"[""ia"",609]",1
"[""nv"",648]",1
"[""tx"",687]",2
"[""me"",630]",1
"[""fl"",684]",1
"[""md"",621]",3
"[""in"",645]",1
"[""vt"",654]",1
"[""nj"",622]",1
"[""ne"",616]",1
"[""mo"",615]",1
"[""nh"",692]",2
"[""in"",643]",1
"[""dc"",616]",1
"[""va"",696]",1
"[""ne"",649]",1
"[""de"",668]",1
"[""fl"",695]",1
"[""ky"",677]",2
"[""az"",629]",2
"[""nj"",655]",3
"[""me"",600]",1
"[""ut"",619]",1
"[""ms"",655]",2
"[""pa"",602]",1
"[""ri"",633]",1
"[""la"",615]",2
"[""wi"",695]",1
"[""ms"",639]",4
"[""la"",647]",1
"[""sc"",686]",1
"[""nc"",613]",4
"[""fl"",677]",2
"[""oh"",647]",1
"[""al"",668]",1
"[""wv"",694]",1
"[""me"",612]",1
"[""wa"",688]",1
"[""sc"",689]",2
"[""nc"",639]",1
"[""va"",674]",1
"[""wv"",676]",1
"[""mn"",647]",1
"[""me"",688]",1
"[""in"",690]",1
"[""id"",654]",2
"[""oh"",689]",1
"[""al"",600]",1
"[""mt"",678]",3
"[""ar"",613]",2
"[""ky"",609]",2
"[""md"",605]",1
"[""or"",627]",1
"[""id"",629]",2
"[""tx"",679]",1
"[""nj"",675]",1
"[""ar"",627]",1
"[""mt"",602]",1
"[""or"",699]",1
"[""wi"",610]",1
"[""ny"",687]",2
"[""nh"",687]",1
"[""ga"",666]",2
"[""pa"",632]",1
"[""oh"",656]",1
"[""il"",601]",1
"[""fl"",679]",2
"[""dc"",684]",1
"[""co"",700]",2
"[""tx"",626]",3
"[""al"",642]",1
"[""ut"",659]",2
"[""ca"",699]",2
"[""tn"",647]",1
"[""ca"",648]",1
"[""nv"",616]",1
"[""or"",646]",1
"[""dc"",645]",1
"[""wv"",617]",1
"[""fl"",676]",1
"[""id"",603]",5
"[""ga"",668]",1
"[""nh"",682]",2
"[""tn"",698]",1
"[""oh"",665]",2
"[""ut"",631]",2
"[""mo"",682]",2
"[""wa"",653]",3
"[""dc"",602]",1
"[""ca"",674]",1
"[""nh"",610]",1
"[""mo"",684]",2
"[""nv"",675]",1
"[""ky"",679]",1
"[""ne"",669]",2
"[""mn"",690]",2
"[""mi"",691]",1
"[""wy"",614]",2
"[""or"",681]",1
"[""nj"",646]",2
"[""la"",684]",2
"[""ne"",697]",1
"[""tn"",612]",2
"[""ok"",667]",1
"[""ma"",667]",2
"[""sc"",607]",1
"[""tn"",623]",3
"[""ak"",645]",1
"[""oh"",603]",1
"[""fl"",650]",1
"[""ia"",681]",1
"[""in"",657]",1
"[""vt"",602]",1
"[""mi"",696]",2
"[""de"",625]",1
"[""sc"",688]",1
"[""nh"",666]",1
"[""ar"",642]",1
"[""ar"",655]",2
"[""ms"",671]",2
"[""ia"",646]",1
"[""ny"",653]",1
"[""vt"",638]",1
"[""ar"",688]",2
"[""al"",688]",1
"[""mt"",603]",1
"[""nm"",609]",4
"[""dc"",665]",3
"[""mi"",675]",1
"[""mn"",668]",1
"[""ca"",696]",1
"[""sd"",631]",3
"[""il"",666]",2
"[""ar"",612]",1
"[""ga"",647]",3
"[""mt"",682]",1
"[""il"",682]",1
"[""la"",678]",1
"[""hi"",602]",3
"[""az"",668]",3
"[""ar"",698]",1
"[""md"",611]",2
"[""la"",631]",1
"[""ks"",633]",1
"[""vt"",662]",1
"[""hi"",688]",3
"[""az"",630]",1
"[""ny"",611]",1
"[""il"",650]",2
"[""pa"",699]",1
"[""mt"",644]",1
"[""tx"",634]",1
"[""nc"",688]",2
"[""ut"",661]",2
"[""de"",673]",1
"[""ma"",696]",2
"[""oh"",642]",1
"[""il"",668]",1
"[""de"",645]",2
"[""nd"",653]",1
"[""nm"",666]",1
"[""ct"",628]",1
"[""co"",643]",1
"[""oh"",620]",1
"[""ga"",629]",2
"[""pa"",629]",2
"[""ca"",683]",4
"[""oh"",671]",1
"[""nv"",622]",1
"[""ne"",635]",1
"[""ri"",678]",2
"[""pa"",662]",1
"[""az"",697]",1
"[""ma"",690]",1
"[""ri"",602]",3
"[""de"",619]",1
"[""nm"",633]",1
"[""va"",608]",1
"[""vt"",683]",1
"[""in"",637]",1
"[""co"",652]",2
"[""ky"",613]",5
"[""il"",618]",1
"[""ca"",624]",1
"[""tn"",630]",1
"[""nv"",604]",1
"[""ar"",632]",1
"[""or"",649]",1
"[""nv"",695]",1
"[""nd"",641]",2
"[""ct"",688]",2
"[""az"",700]",1
"[""nd"",607]",1
"[""ga"",627]",2
"[""az"",636]",1
"[""nm"",688]",3
"[""nv"",624]",1
"[""in"",623]",2
"[""id"",608]",1
"[""tn"",609]",2
"[""va"",602]",1
"[""in"",695]",1
"[""tx"",665]",1
"[""mo"",661]",1
"[""nm"",612]",1
"[""fl"",671]",2
"[""ks"",634]",1
"[""ny"",649]",2
"[""ky"",631]",1
"[""nm"",676]",1
"[""in"",604]",2
"[""fl"",666]",3
"[""sd"",625]",1
"[""ar"",695]",2
"[""wa"",600]",2
"[""nc"",634]",2
"[""tn"",600]",1
"[""ca"",611]",1
"[""pa"",657]",1
"[""me"",613]",1
"[""ri"",669]",1
"[""wv"",612]",1
"[""md"",646]",2
"[""ca"",656]",1
"[""va"",649]",1
"[""al"",629]",4
"[""ky"",667]",1
"[""wi"",620]",1
"[""pa"",616]",2
"[""ar"",614]",2
"[""vt"",624]",1
"[""wy"",698]",3
"[""ga"",630]",4
"[""sc"",679]",1
"[""oh"",699]",2
"[""hi"",659]",1
"[""tx"",693]",1
"[""me"",673]",2
"[""hi"",648]",2
"[""ca"",654]",1
"[""ma"",639]",1
"[""nc"",620]",1
"[""va"",670]",1
"[""wi"",640]",1
"[""nc"",630]",1
"[""pa"",680]",1
"[""ga"",686]",3
"[""ri"",622]",1
"[""ne"",634]",3
"[""ri"",687]",1
"[""ak"",700]",1
"[""ca"",621]",1
"[""wv"",679]",1
"[""co"",659]",2
"[""dc"",655]",1
"[""nv"",690]",1
"[""ri"",657]",1
"[""ok"",631]",1
"[""la"",630]",1
"[""wv"",693]",1
"[""dc"",608]",1
"[""co"",698]",2
"[""ia"",699]",3
"[""nv"",640]",2
"[""ma"",621]",1
"[""va"",699]",1
"[""fl"",696]",2
"[""ks"",650]",2
"[""co"",642]",1
"[""fl"",673]",1
"[""sc"",676]",1
"[""wy"",644]",1
"[""ct"",695]",1
"[""ny"",641]",1
"[""wv"",605]",1
"[""mi"",678]",1
"[""nj"",604]",2
"[""dc"",610]",1
"[""de"",616]",1
"[""wi"",660]",1
"[""la"",634]",1
"[""oh"",609]",2
"[""or"",625]",1
"[""vt"",618]",1
"[""la"",692]",1
"[""ok"",658]",2
"[""dc"",652]",1
"[""wa"",684]",2
"[""oh"",637]",1
"[""ky"",684]",2
"[""wy"",604]",2
"[""nj"",603]",2
"[""wv"",601]",2
"[""nv"",661]",1
"[""ia"",640]",2
"[""nc"",649]",1
"[""tx"",636]",3
"[""ok"",633]",1
"[""nm"",694]",1
"[""sc"",617]",1
"[""nj"",611]",2
"[""fl"",694]",2
"[""oh"",604]",3
"[""dc"",649]",1
"[""id"",620]",1
"[""mt"",677]",2
"[""al"",623]",1
"[""ut"",665]",1
"[""hi"",628]",1
"[""ms"",628]",2
"[""or"",668]",1
"[""ne"",609]",1
"[""sc"",620]",1
"[""ct"",669]",1
"[""ok"",666]",1
"[""dc"",622]",2
"[""ia"",617]",3
"[""sd"",689]",2
"[""tx"",643]",1
"[""ak"",661]",2
"[""ms"",670]",1
"[""wy"",659]",1
"[""ga"",689]",1
"[""va"",652]",1
"[""ca"",691]",3
"[""or"",605]",2
"[""ne"",628]",2
"[""ny"",696]",1
"[""ia"",690]",1
"[""me"",633]",2
"[""id"",699]",4
"[""mt"",628]",2
"[""oh"",635]",1
"[""il"",685]",1
"[""ks"",654]",1
"[""id"",601]",2
"[""mo"",686]",1
"[""fl"",683]",1
"[""ks"",621]",1
"[""ma"",680]",2
"[""al"",680]",2
"[""ar"",620]",3
"[""co"",602]",2
"[""ny"",680]",3
"[""wa"",618]",2
"[""nd"",605]",1
"[""ga"",680]",2
"[""nv"",626]",2
"[""nh"",626]",1
"[""nm"",691]",2
"[""mo"",697]",1
"[""fl"",698]",1
"[""ny"",610]",2
"[""wa"",627]",5
"[""va"",613]",1
"[""me"",625]",2
"[""mi"",628]",1
"[""ut"",692]",1
"[""nc"",643]",2
"[""nc"",660]",1
"[""sc"",632]",2
"[""ga"",683]",2
"[""ca"",635]",2
"[""nc"",646]",1
"[""ct"",650]",3
"[""oh"",652]",1
"[""il"",602]",1
"[""tx"",694]",2
"[""ky"",615]",1
"[""hi"",644]",2
"[""dc"",644]",1
"[""ok"",601]",1
"[""nj"",605]",2
"[""nd"",635]",2
"[""wv"",604]",3
"[""ne"",601]",1
"[""ok"",620]",2
"[""ne"",676]",1
"[""il"",624]",3
"[""ia"",613]",2
"[""me"",677]",1
"[""ak"",687]",1
"[""dc"",699]",3
"[""de"",691]",2
"[""ar"",665]",1
"[""or"",604]",3
"[""hi"",619]",3
"[""ne"",608]",1
"[""ok"",690]",2
"[""nd"",657]",1
"[""mt"",645]",1
"[""wv"",654]",1
"[""tx"",700]",2
"[""mo"",683]",1
"[""oh"",621]",2
"[""in"",679]",2
"[""hi"",616]",2
"[""ma"",658]",2
"[""nm"",638]",1
"[""ky"",612]",3
"[""ky"",648]",4
"[""nh"",669]",1
"[""md"",691]",3
"[""wi"",643]",1
"[""ga"",673]",1
"[""hi"",670]",1
"[""mt"",693]",1
"[""md"",604]",2
"[""sd"",652]",1
"[""wy"",615]",1
"[""md"",666]",1
"[""fl"",651]",1
"[""sd"",645]",1
"[""tx"",669]",3
"[""ia"",639]",4
"[""ct"",659]",1
"[""ny"",660]",1
"[""wv"",622]",1
"[""ky"",605]",3
"[""ga"",612]",2
"[""wy"",602]",1
"[""wy"",679]",1
"[""al"",601]",2
"[""fl"",693]",1
"[""nv"",644]",1
"[""ks"",603]",3
"[""la"",620]",1
"[""sc"",622]",2
"[""hi"",684]",1
"[""nm"",637]",2
"[""ca"",620]",1
"[""ak"",663]",1
"[""az"",628]",1
"[""az"",640]",1
"[""nm"",647]",2
"[""hi"",610]",1
"[""me"",686]",1
"[""va"",624]",1
"[""md"",650]",2
"[""pa"",650]",1
"[""ia"",602]",1
"[""id"",645]",2
"[""ks"",684]",2
"[""ma"",633]",1
"[""az"",626]",1
"[""tx"",689]",2
"[""mt"",600]",1
"[""nh"",622]",2
"[""de"",631]",1
"[""mn"",688]",2
"[""nh"",659]",1
"[""nh"",658]",2
"[""wa"",616]",2
"[""de"",664]",1
"[""md"",681]",1
"[""id"",695]",1
"[""ut"",611]",1
"[""dc"",650]",2
"[""oh"",670]",1
"[""tx"",656]",1
"[""mt"",692]",1
"[""ri"",649]",3
"[""al"",647]",3
"[""ri"",682]",2
"[""pa"",644]",3
"[""ut"",618]",1
"[""or"",683]",2
"[""ms"",685]",3
"[""nv"",681]",1
"[""nv"",617]",1
"[""vt"",635]",2
"[""nh"",693]",1
"[""nj"",608]",1
"[""ny"",686]",1
"[""ak"",612]",2
"[""wi"",653]",1
"[""wy"",634]",1
"[""ky"",645]",2
"[""fl"",606]",1
"[""vt"",614]",2
"[""nd"",689]",2
"[""pa"",600]",1
"[""il"",670]",1
"[""la"",691]",3
"[""mi"",644]",2
"[""ar"",624]",2
"[""me"",681]",1
"[""wy"",625]",1
"[""id"",630]",1
"[""nh"",607]",2
"[""de"",672]",3
"[""ar"",636]",2
"[""il"",678]",1
"[""ky"",686]",1
"[""ut"",636]",2
"[""az"",686]",1
"[""nd"",677]",1
"[""ia"",689]",3
"[""oh"",657]",1
"[""va"",601]",1
"[""la"",659]",1
"[""ct"",691]",2
"[""ct"",686]",1
"[""id"",700]",2
"[""ks"",659]",2
"[""ak"",639]",1
"[""ga"",670]",3
"[""oh"",608]",1
"[""de"",682]",1
"[""ky"",682]",1
"[""nh"",620]",4
"[""ky"",606]",2
"[""ct"",636]",1
"[""nm"",648]",1
"[""ma"",642]",1
"[""ia"",660]",1
"[""mn"",655]",3
"[""ga"",604]",3
"[""tx"",617]",1
"[""tn"",687]",3
"[""mo"",622]",1
"[""nd"",679]",3
"[""mn"",646]",1
"[""mt"",616]",3
"[""wv"",645]",2
"[""or"",678]",1
"[""wy"",670]",1
"[""az"",669]",1
"[""az"",653]",4
"[""ca"",630]",3
"[""nv"",693]",2
"[""vt"",676]",1
"[""ok"",636]",2
"[""me"",623]",1
"[""dc"",637]",1
"[""in"",685]",1
"[""nd"",639]",2
"[""de"",699]",2
"[""id"",671]",1
"[""ct"",679]",1
"[""ny"",698]",1
"[""mn"",661]",3
"[""fl"",603]",1
"[""va"",657]",1
"[""ms"",630]",2
"[""la"",682]",4
"[""md"",665]",1
"[""ks"",629]",1
"[""mi"",611]",2
"[""mn"",666]",1
"[""ak"",640]",1
"[""mt"",684]",2
"[""ga"",621]",3
"[""az"",675]",1
"[""mo"",630]",1
"[""la"",694]",1
"[""wi"",661]",2
"[""ne"",600]",1
"[""wa"",696]",2
"[""tx"",639]",1
"[""ms"",675]",2
"[""hi"",647]",1
"[""dc"",657]",1
"[""az"",622]",4
"[""ma"",681]",1
"[""ak"",665]",1
"[""ri"",650]",3
"[""ma"",648]",1
"[""md"",686]",1
"[""me"",601]",1
"[""md"",683]",3
"[""ut"",630]",2
"[""in"",678]",1
"[""tn"",656]",2
"[""vt"",691]",3
"[""ne"",614]",1
"[""ca"",698]",3
"[""nh"",638]",1
"[""nm"",645]",1
"[""vt"",665]",1
"[""wi"",626]",1
"[""wa"",606]",2
"[""va"",653]",1
"[""az"",696]",1
"[""nh"",641]",1
"[""mt"",690]",3
"[""ak"",622]",2
"[""nm"",601]",2
"[""ri"",658]",1
"[""ky"",673]",1
"[""sc"",653]",1
"[""nc"",648]",1
"[""pa"",640]",2
"[""md"",602]",2
"[""oh"",697]",2
"[""al"",657]",1
"[""tx"",631]",1
"[""co"",646]",2
"[""ia"",601]",3
"[""sd"",697]",2
"[""ca"",601]",2
"[""az"",616]",2
"[""vt"",661]",1
"[""in"",692]",1
"[""az"",667]",1
"[""ut"",697]",2
"[""md"",662]",1
"[""mt"",647]",4
"[""ga"",644]",3
"[""nd"",638]",1
"[""nd"",687]",1
"[""mn"",700]",1
"[""de"",658]",1
"[""ar"",667]",1
"[""sc"",624]",1
"[""hi"",617]",1
"[""dc"",653]",2
"[""vt"",664]",3
"[""mi"",652]",3
"[""id"",670]",2
"[""la"",698]",1
"[""nc"",621]",1
"[""ca"",618]",3
"[""mt"",623]",3
"[""ut"",626]",1
"[""co"",694]",2
"[""me"",645]",1
"[""md"",632]",1
"[""oh"",645]",1
"[""ne"",657]",1
"[""mt"",637]",4
"[""nc"",632]",2
"[""ny"",666]",2
"[""sc"",680]",3
"[""in"",641]",1
"[""wi"",679]",2
"[""id"",611]",2
"[""ak"",696]",1
"[""pa"",615]",1
"[""mo"",675]",2
"[""ny"",640]",1
"[""mn"",633]",1
"[""or"",619]",1
"[""nc"",611]",1
"[""mt"",612]",1
"[""ak"",623]",1
"[""ak"",625]",1
"[""nd"",650]",2
"[""nc"",650]",1
"[""ky"",691]",2
"[""md"",694]",5
"[""nh"",652]",1
"[""ky"",672]",1
"[""oh"",688]",1
"[""ar"",668]",3
"[""la"",625]",3
"[""mn"",653]",1
"[""hi"",666]",3
"[""sd"",644]",1
"[""sc"",615]",1
"[""fl"",631]",2
"[""wa"",620]",3
"[""ri"",605]",1
"[""mo"",695]",1
"[""nj"",653]",1
"[""ar"",671]",1
"[""fl"",672]",1
"[""nj"",670]",2
"[""nv"",699]",2
"[""de"",600]",1
"[""ri"",659]",1
"[""ny"",664]",1
"[""wa"",641]",2
"[""ut"",621]",1
"[""mt"",656]",1
"[""nm"",613]",1
"[""il"",633]",1
"[""oh"",653]",2
"[""mi"",624]",1
"[""ny"",648]",3
"[""ct"",693]",1
"[""ks"",668]",1
"[""ri"",674]",1
"[""oh"",676]",2
"[""ks"",674]",2
"[""mt"",615]",1
"[""ut"",690]",2
"[""az"",664]",1
"[""oh"",622]",2
"[""nm"",675]",1
"[""wa"",626]",1
"[""ut"",600]",2
"[""ri"",700]",1
"[""sc"",683]",1
"[""sd"",628]",1
"[""id"",664]",1
"[""me"",674]",2
"[""ok"",695]",4
"[""tx"",670]",1
"[""wi"",603]",1
"[""mo"",644]",1
"[""nj"",639]",1
"[""tn"",610]",1
"[""vt"",626]",2
"[""nv"",619]",2
"[""oh"",600]",3
"[""ut"",609]",2
"[""ut"",635]",1
"[""co"",608]",1
"[""ky"",697]",3
"[""nj"",624]",1
"[""fl"",613]",2
"[""id"",692]",2
"[""wi"",665]",1
"[""nd"",680]",1
"[""md"",628]",2
"[""dc"",605]",1
"[""wi"",623]",1
"[""md"",676]",4
"[""al"",682]",2
"[""mo"",691]",3
"[""or"",673]",1
"[""fl"",668]",1
"[""oh"",612]",1
"[""sc"",669]",1
"[""me"",657]",1
"[""ga"",671]",1
"[""ms"",637]",1
"[""mn"",657]",1
"[""al"",681]",1
"[""ne"",620]",1
"[""md"",680]",2
"[""mo"",670]",2
"[""wa"",605]",1
"[""ma"",657]",1
"[""wv"",623]",2
"[""ma"",691]",1
"[""fl"",647]",2
"[""me"",661]",1
"[""ct"",684]",2
"[""de"",693]",1
"[""la"",655]",1
"[""ky"",665]",1
"[""wa"",661]",2
"[""il"",659]",1
"[""ma"",603]",1
"[""dc"",682]",1
"[""ia"",645]",1
"[""wv"",675]",1
"[""ms"",700]",2
"[""nd"",612]",1
"[""nm"",640]",1
"[""nv"",614]",2
"[""va"",694]",1
"[""mn"",697]",1
"[""ms"",641]",4
"[""ma"",668]",3
"[""va"",682]",1
"[""dc"",691]",1
"[""il"",603]",2
"[""al"",661]",1
"[""ok"",684]",1
"[""ok"",651]",2
"[""ak"",644]",1
"[""ga"",608]",3
"[""ak"",629]",1
"[""ms"",690]",1
"[""fl"",634]",2
"[""va"",620]",1
"[""or"",639]",3
"[""ms"",653]",2
"[""mo"",617]",1
"[""nh"",685]",1
"[""ia"",655]",2
"[""vt"",681]",2
"[""nc"",647]",2
"[""ia"",643]",2
"[""ga"",692]",2
"[""co"",639]",1
"[""de"",642]",1
"[""oh"",675]",1
"[""dc"",609]",1
"[""mi"",626]",1
"[""il"",657]",2
"[""ut"",700]",2
"[""sc"",606]",1
"[""mt"",609]",1
"[""ia"",688]",1
"[""nh"",663]",1
"[""pa"",675]",1
"[""nc"",623]",1
"[""dc"",634]",3
"[""ky"",663]",1
"[""nm"",622]",1
"[""ar"",653]",4
"[""hi"",626]",1
"[""de"",695]",1
"[""co"",632]",1
"[""ne"",610]",1
"[""ma"",649]",1
"[""nd"",645]",3
"[""pa"",637]",1
"[""nh"",694]",1
"[""la"",674]",1
"[""fl"",640]",1
"[""id"",606]",4
"[""az"",676]",3
"[""id"",685]",3
"[""nc"",665]",2
"[""nm"",662]",1
"[""mo"",687]",1
"[""ky"",632]",2
"[""vt"",646]",4
"[""md"",660]",1
"[""nm"",634]",2
"[""ms"",681]",1
"[""va"",692]",1
"[""hi"",604]",1
"[""nj"",685]",2
"[""or"",647]",1
"[""dc"",697]",1
"[""ak"",678]",1
"[""ga"",603]",1
"[""nv"",649]",3
"[""id"",647]",4
"[""ak"",617]",1
"[""or"",665]",1
"[""ks"",664]",1
"[""ky"",664]",1
"[""ct"",643]",1
"[""wv"",691]",1
"[""ks"",672]",1
"[""nc"",635]",1
"[""ga"",694]",3
"[""la"",651]",2
"[""va"",641]",1
"[""ar"",617]",1
"[""co"",636]",3
"[""nd"",656]",3
"[""al"",698]",2
"[""nj"",626]",2
"[""va"",633]",2
"[""ma"",666]",1
"[""pa"",630]",1
"[""hi"",691]",1
"[""tn"",668]",1
"[""ct"",653]",1
"[""al"",674]",1
"[""ca"",689]",2
"[""or"",700]",2
"[""tx"",667]",1
"[""tx"",635]",1
"[""la"",675]",1
"[""ky"",646]",1
"[""ut"",613]",2
"[""wy"",611]",1
"[""mn"",689]",2
"[""ok"",653]",4
"[""wv"",646]",2
"[""ca"",607]",1
"[""nv"",639]",4
"[""ar"",669]",2
"[""pa"",627]",3
"[""ms"",608]",1
"[""sd"",610]",1
"[""il"",636]",1
"[""ks"",693]",1
"[""ny"",659]",3
"[""co"",692]",3
"[""al"",621]",1
"[""nd"",693]",3
"[""oh"",683]",2
"[""nh"",609]",1
"[""ak"",680]",1
"[""vt"",650]",1
"[""sc"",693]",1
"[""nc"",645]",1
"[""dc"",688]",1
"[""nv"",610]",2
"[""wy"",673]",2
"[""nc"",684]",2
"[""me"",671]",2
"[""az"",657]",1
"[""az"",678]",1
"[""id"",625]",1
"[""wa"",685]",1
"[""wa"",654]",1
"[""ga"",665]",2
"[""ar"",645]",3
"[""ga"",648]",1
"[""il"",622]",1
"[""ga"",600]",2
"[""ga"",645]",2
"[""mo"",680]",1
"[""tx"",633]",1
"[""ne"",677]",1
"[""mi"",616]",1
"[""ar"",677]",1
"[""ar"",651]",1
"[""vt"",601]",2
"[""il"",667]",3
"[""tn"",657]",2
"[""ia"",605]",1
"[""hi"",609]",1
"[""ia"",636]",1
"[""nj"",621]",1
"[""ri"",625]",4
"[""ok"",641]",1
"[""il"",649]",1
"[""tx"",614]",1
"[""ny"",602]",2
"[""tn"",648]",1
"[""nv"",671]",1
"[""vt"",622]",1
"[""la"",686]",2
"[""ky"",678]",3
"[""tn"",620]",2
"[""wa"",647]",1
"[""co"",685]",1
"[""il"",611]",1
"[""sc"",687]",1
"[""oh"",624]",1
"[""ut"",628]",3
"[""al"",649]",2
"[""de"",614]",1
"[""az"",634]",1
"[""ak"",632]",2
"[""ok"",659]",1
"[""ut"",684]",2
"[""nd"",602]",1
"[""ak"",626]",2
"[""ga"",685]",2
"[""nm"",600]",3
"[""md"",623]",2
"[""mi"",668]",1
"[""ma"",601]",2
"[""nj"",690]",3
"[""hi"",687]",1
"[""wv"",692]",1
"[""ri"",690]",1
"[""mn"",669]",1
"[""wa"",636]",2
"[""id"",674]",1
"[""wv"",614]",1
"[""ct"",623]",1
"[""ri"",661]",2
"[""ga"",697]",1
"[""ct"",666]",1
"[""va"",648]",1
"[""ak"",601]",1
"[""hi"",655]",2
"[""co"",612]",1
"[""ok"",643]",1
"[""az"",650]",2
"[""mt"",658]",2
"[""ri"",639]",3
"[""mt"",640]",2
"[""id"",679]",1
"[""ut"",662]",3
"[""pa"",698]",1
"[""de"",649]",1
"[""or"",614]",4
"[""az"",605]",1
"[""ak"",650]",1
"[""ct"",672]",2
"[""nv"",684]",3
"[""ks"",632]",1
"[""in"",675]",4
"[""id"",698]",2
"[""nc"",619]",1
"[""az"",646]",1
"[""or"",657]",2
"[""ri"",654]",1
"[""ca"",612]",2
"[""ca"",673]",2
"[""ia"",675]",1
"[""ga"",642]",2
"[""il"",652]",3
"[""ar"",649]",2
"[""ri"",601]",3
"[""mt"",617]",2
"[""wy"",630]",1
"[""sd"",635]",1
"[""wi"",683]",1
"[""mt"",662]",1
"[""ny"",658]",1
"[""hi"",698]",1
"[""mt"",629]",1
"[""sc"",684]",1
"[""wi"",615]",1
"[""mt"",654]",3
"[""mo"",688]",1
"[""nj"",656]",2
"[""ma"",620]",1
"[""ar"",670]",3
"[""wi"",670]",1
"[""il"",635]",2
"[""ky"",638]",2
"[""nd"",614]",1
"[""mn"",648]",2
"[""ga"",640]",1
"[""fl"",605]",1
"[""nc"",679]",4
"[""tn"",679]",2
"[""ny"",606]",1
"[""ma"",694]",1
"[""mt"",653]",2
"[""me"",637]",1
"[""md"",629]",1
"[""mn"",659]",2
"[""mi"",683]",3
"[""nj"",607]",2
"[""pa"",672]",2
"[""de"",671]",1
"[""ut"",658]",2
"[""ok"",663]",2
"[""ma"",660]",1
"[""or"",612]",2
"[""nj"",619]",2
"[""tx"",618]",1
"[""mi"",688]",1
"[""tn"",665]",1
"[""fl"",644]",1
"[""tx"",658]",1
"[""de"",610]",1
"[""tn"",694]",1
"[""sc"",639]",1
"[""ma"",675]",2
"[""hi"",623]",1
"[""tn"",626]",1
"[""ne"",622]",2
"[""mi"",690]",2
"[""wv"",658]",2
"[""ny"",652]",4
"[""hi"",622]",1
"[""ut"",624]",3
"[""ok"",664]",1
"[""ut"",672]",1
"[""ok"",674]",1
"[""vt"",652]",1
"[""nm"",627]",1
"[""ky"",696]",1
"[""ne"",639]",1
"[""vt"",627]",2
"[""or"",624]",1
"[""sc"",668]",1
"[""ne"",693]",2
"[""wa"",637]",1
"[""tn"",661]",2
"[""ky"",653]",2
"[""ar"",619]",1
"[""oh"",601]",1
"[""id"",677]",1
"[""tx"",653]",1
"[""la"",696]",1
"[""mo"",614]",1
"[""ms"",613]",1
"[""ky"",698]",2
"[""wv"",620]",3
"[""ct"",625]",1
"[""mo"",641]",2
"[""hi"",683]",3
"[""ny"",678]",1
"[""ms"",659]",1
"[""ms"",621]",1
"[""md"",671]",1
"[""tx"",628]",2
"[""sc"",636]",1
"[""nm"",668]",2
"[""ky"",657]",2
"[""ky"",623]",1
"[""tn"",650]",1
"[""nj"",629]",2
"[""al"",678]",1
"[""de"",654]",1
"[""ny"",690]",1
"[""mo"",643]",1
"[""ga"",618]",1
"[""tn"",693]",1
"[""ny"",634]",1
"[""ut"",667]",3
"[""mi"",667]",1
"[""va"",662]",1
"[""ct"",657]",1
"[""pa"",683]",1
"[""ne"",602]",3
"[""tn"",625]",1
"[""nj"",650]",2
"[""ri"",685]",5
"[""me"",639]",1
"[""me"",622]",1
"[""ia"",620]",3
"[""az"",685]",1
"[""ks"",630]",1
"[""ks"",696]",1
"[""md"",610]",2
"[""in"",667]",2
"[""mt"",680]",1
"[""sc"",667]",1
"[""sd"",675]",2
"[""tx"",691]",2
"[""ks"",617]",1
"[""nj"",700]",3
"[""wy"",699]",1
"[""nh"",664]",1
"[""nv"",635]",2
"[""ny"",668]",1
"[""oh"",643]",1
"[""pa"",682]",2
"[""wy"",661]",2
"[""id"",669]",1
"[""ga"",631]",1
"[""ca"",664]",3
"[""tn"",608]",1
"[""ms"",623]",2
"[""dc"",620]",1
"[""ri"",623]",3
"[""fl"",665]",1
"[""ky"",633]",2
"[""la"",610]",1
"[""id"",659]",2
"[""or"",686]",2
"[""ia"",638]",2
"[""ia"",698]",2
"[""wy"",680]",1
"[""ut"",696]",2
"[""ut"",629]",1
"[""il"",619]",2
"[""ak"",683]",3
"[""wi"",612]",1
"[""me"",697]",3
"[""sc"",657]",1
"[""sd"",626]",1
"[""nj"",606]",1
"[""tx"",612]",1
"[""ne"",621]",1
"[""nj"",671]",2
"[""il"",642]",1
"[""wi"",652]",1
"[""fl"",645]",1
"[""ms"",674]",1
"[""ks"",624]",2
"[""nj"",683]",2
"[""tn"",606]",3
"[""la"",646]",1
"[""fl"",614]",1
"[""il"",631]",1
"[""ri"",679]",1
"[""ky"",687]",3
"[""ca"",686]",2
"[""mo"",638]",1
"[""az"",662]",2
"[""ri"",665]",2
"[""nc"",680]",3
"[""nh"",655]",1
"[""ok"",605]",1
"[""oh"",617]",1
"[""ia"",606]",2
"[""va"",645]",1
"[""ga"",639]",3
"[""dc"",680]",1
"[""vt"",649]",2
"[""nd"",648]",1
"[""nc"",671]",1
"[""ks"",652]",2
"[""tx"",698]",3
"[""md"",647]",2
"[""sc"",675]",2
"[""ny"",657]",2
"[""oh"",690]",3
"[""il"",607]",1
"[""ms"",654]",1
"[""la"",601]",1
"[""ms"",604]",1
"[""ri"",632]",2
"[""nh"",678]",2
"[""ca"",665]",1
"[""id"",641]",2
"[""va"",632]",2
"[""nh"",624]",4
"[""ga"",654]",1
"[""wv"",619]",2
"[""wy"",676]",2
"[""al"",694]",2
"[""ne"",651]",3
"[""nj"",637]",1
"[""ma"",688]",2
"[""ny"",676]",1
"[""nm"",700]",1
"[""ky"",616]",4
"[""ky"",626]",1
"[""ms"",635]",2
"[""ia"",651]",1
"[""co"",666]",2
"[""hi"",682]",1
"[""wa"",679]",4
"[""tn"",605]",2
"[""ar"",679]",1
"[""ak"",652]",1
"[""vt"",678]",2
"[""id"",605]",2
"[""ks"",625]",1
"[""tx"",668]",1
"[""md"",689]",3
"[""id"",640]",1
"[""al"",607]",1
"[""la"",600]",1
"[""ar"",647]",1
"[""az"",698]",1
"[""tn"",659]",2
"[""va"",634]",1
"[""ma"",674]",1
"[""wy"",678]",1
"[""ny"",619]",1
"[""ca"",613]",2
"[""pa"",622]",3
"[""hi"",625]",2
"[""ms"",687]",1
"[""ar"",606]",1
"[""md"",600]",1
"[""fl"",608]",1
"[""dc"",678]",3
"[""az"",688]",2
"[""id"",678]",3
"[""tx"",648]",1
"[""tx"",683]",1
"[""tn"",675]",1
"[""ak"",637]",2
"[""nm"",686]",4
"[""ne"",690]",2
"[""ny"",693]",1
"[""hi"",633]",1
"[""la"",688]",2
"[""va"",660]",2
"[""or"",698]",1
"[""ct"",613]",1
"[""mo"",660]",2
"[""wy"",603]",3
"[""mt"",646]",1
"[""wy"",700]",2
"[""vt"",680]",1
"[""de"",684]",1
"[""nv"",663]",1
"[""tn"",616]",1
"[""nh"",676]",1
"[""ny"",661]",1
"[""ny"",674]",2
"[""wi"",656]",1
"[""nh"",700]",2
"[""sd"",618]",1
"[""ms"",691]",1
"[""al"",645]",1
"[""ma"",619]",3
"[""wa"",667]",1
"[""nh"",606]",3
"[""ak"",624]",2
"[""or"",632]",2
"[""ak"",608]",2
"[""mn"",634]",1
"[""ct"",612]",1
"[""nj"",652]",2
"[""co"",699]",1
"[""ks"",647]",2
"[""ga"",698]",2
"[""ut"",633]",2
"[""ma"",623]",1
"[""ia"",633]",1
"[""co"",631]",1
"[""wv"",631]",1
"[""nj"",638]",1
"[""co"",623]",1
"[""ok"",613]",2
"[""ar"",689]",2
"[""ky"",630]",3
"[""co"",603]",1
"[""ms"",615]",2
"[""va"",679]",2
"[""fl"",649]",2
"[""tn"",655]",2
"[""wa"",639]",1
"[""mn"",681]",1
"[""il"",600]",2
"[""hi"",639]",1
"[""ca"",617]",2
"[""sd"",663]",1
"[""ga"",690]",2
"[""dc"",613]",4
"[""nv"",657]",1
"[""ia"",657]",3
"[""wy"",692]",1
"[""nv"",666]",2
"[""nd"",652]",1
"[""nc"",605]",3
"[""mi"",627]",1
"[""mi"",650]",1
"[""mt"",641]",2
"[""fl"",656]",3
"[""ky"",608]",2
"[""oh"",611]",1
"[""tn"",638]",1
"[""ny"",694]",1
"[""ks"",697]",1
"[""il"",628]",2
"[""wa"",625]",1
"[""ms"",651]",2
"[""sc"",601]",2
"[""ct"",682]",2
"[""va"",644]",2
"[""tn"",652]",1
"[""la"",683]",1
"[""sd"",637]",1
"[""wi"",619]",1
"[""ms"",664]",2
"[""ga"",611]",1
"[""va"",680]",1
"[""ok"",624]",1
"[""ms"",612]",3
"[""nh"",601]",2
"[""ar"",661]",1
"[""ar"",630]",1
"[""wv"",608]",1
"[""mt"",695]",6
"[""wv"",666]",1
"[""ia"",670]",1
"[""hi"",673]",1
"[""ut"",610]",1
"[""md"",695]",5
"[""or"",680]",2
"[""ri"",691]",1
"[""wv"",673]",2
"[""mn"",627]",4
"[""il"",613]",2
"[""ne"",655]",2
"[""va"",623]",1
"[""ca"",685]",1
"[""tn"",634]",2
"[""va"",686]",1
"[""de"",621]",2
"[""ca"",645]",1
"[""sd"",698]",1
"[""sd"",686]",1
"[""de"",627]",1
"[""ak"",677]",1
"[""or"",669]",3
"[""ct"",606]",1
"[""tx"",657]",1
"[""or"",694]",2
"[""mt"",608]",2
"[""il"",688]",2
"[""co"",638]",1
"[""or"",628]",3
"[""mt"",607]",3
"[""ct"",692]",2
"[""ar"",641]",1
"[""wa"",604]",1
"[""md"",625]",1
"[""mi"",651]",3
"[""tn"",631]",1
"[""mo"",668]",1
"[""id"",634]",1
"[""ms"",680]",1
"[""ks"",681]",3
"[""mo"",681]",1
"[""nd"",700]",2
"[""me"",607]",1
"[""nc"",667]",1
"[""nv"",611]",2
"[""ca"",600]",2
"[""nv"",669]",2
"[""mt"",698]",2
"[""co"",619]",3
"[""pa"",686]",1
"[""sd"",700]",1
"[""pa"",603]",1
"[""ny"",603]",3
"[""sd"",699]",2
"[""me"",654]",1
"[""dc"",698]",1
"[""wa"",666]",1
"[""tx"",629]",2
"[""ri"",628]",1
"[""tn"",662]",3
"[""ca"",631]",1
"[""nm"",663]",2
"[""hi"",692]",2
"[""de"",652]",2
"[""nh"",608]",1
"[""il"",648]",2
"[""ne"",679]",1
"[""wy"",646]",1
"[""mo"",667]",3
"[""ri"",692]",1
"[""hi"",672]",1
"[""mn"",645]",1
"[""mi"",604]",2
"[""ok"",657]",1
"[""ks"",670]",1
"[""fl"",611]",1
"[""tx"",623]",1
"[""nm"",680]",1
"[""nm"",695]",1
"[""nc"",604]",3
"[""in"",698]",2
"[""ga"",626]",3
"[""nj"",623]",2
"[""va"",698]",2
"[""ia"",628]",1
"[""wv"",670]",3
"[""vt"",659]",1
"[""id"",616]",3
"[""mt"",687]",1
"[""wv"",684]",1
"[""il"",689]",1
"[""ct"",700]",2
"[""ny"",662]",1
"[""nj"",687]",1
"[""fl"",663]",1
"[""fl"",682]",3
"[""ut"",616]",1
"[""md"",638]",2
"[""mn"",696]",2
"[""ct"",655]",1
"[""nh"",629]",2
"[""nm"",692]",3
"[""mo"",607]",1
"[""va"",697]",1
"[""ma"",617]",2
"[""mt"",626]",1
"[""ga"",620]",1
"[""al"",652]",1
"[""ms"",684]",3
"[""ut"",674]",2
"[""wa"",652]",3
"[""ia"",684]",3
"[""nh"",628]",2
"[""ak"",657]",2
"[""ga"",601]",4
"[""tx"",619]",2
"[""ny"",665]",1
"[""ne"",687]",1
"[""nj"",695]",1
"[""ky"",660]",2
"[""va"",668]",2
"[""ca"",679]",2
"[""wa"",678]",3
"[""nv"",662]",1
"[""nc"",676]",1
"[""ar"",682]",3
"[""or"",689]",1
"[""de"",651]",1
"[""mo"",659]",1
"[""nj"",669]",5
"[""tn"",684]",4
"[""mo"",663]",1
"[""mn"",687]",3
"[""ne"",603]",1
"[""sd"",648]",2
"[""nh"",662]",1
"[""ne"",695]",3
"[""il"",612]",1
"[""mo"",679]",3
"[""ia"",632]",1
"[""va"",635]",3
"[""ar"",628]",2
"[""ar"",678]",4
"[""vt"",667]",1
"[""ny"",613]",1
"[""ok"",615]",2
"[""il"",651]",1
"[""vt"",690]",1
"[""ca"",610]",2
"[""sd"",608]",2
"[""al"",611]",1
"[""ga"",650]",3
"[""mt"",620]",1
"[""tx"",690]",1
"[""or"",655]",1
"[""va"",665]",2
"[""hi"",667]",1
"[""nj"",699]",1
"[""nj"",644]",2
"[""ri"",668]",1
"[""ga"",649]",1
"[""md"",617]",1
"[""mn"",635]",1
"[""md"",648]",2
"[""wv"",651]",4
"[""ia"",650]",1
"[""or"",620]",3
"[""id"",635]",3
"[""vt"",629]",1
"[""va"",627]",2
"[""il"",669]",1
"[""ak"",631]",1
"[""co"",610]",1
"[""al"",667]",1
"[""ne"",668]",1
"[""ok"",600]",1
"[""md"",601]",1
"[""ca"",658]",1
"[""nc"",657]",3
"[""az"",659]",2
"[""ky"",661]",1
"[""ne"",675]",2
"[""wa"",646]",2
"[""ks"",636]",2
"[""va"",672]",2
"[""ut"",608]",1
"[""pa"",618]",1
"[""ut"",671]",1
"[""mt"",688]",1
"[""wi"",649]",1
"[""tn"",651]",2
"[""dc"",692]",1
"[""nj"",659]",2
"[""mn"",637]",2
"[""co"",663]",1
"[""ca"",695]",1
"[""ky"",628]",2
"[""nh"",697]",1
"[""nc"",625]",1
"[""id"",636]",1
"[""pa"",654]",1
"[""il"",629]",1
"[""ky"",662]",3
"[""nv"",686]",1
"[""nd"",663]",1
"[""va"",621]",4
"[""mo"",618]",1
"[""de"",633]",1
"[""ma"",646]",3
"[""ky"",680]",4
"[""ri"",686]",1
"[""wa"",602]",1
"[""il"",606]",1
"[""ct"",665]",1
"[""co"",615]",2
"[""sc"",612]",1
"[""ca"",660]",1
"[""nv"",607]",1
"[""sc"",695]",1
"[""ak"",619]",1
"[""ri"",663]",3
"[""ny"",631]",1
"[""tn"",644]",3
"[""ok"",607]",1
"[""ak"",692]",1
"[""va"",664]",2
"[""ar"",673]",1
"[""az"",603]",2
"[""nc"",617]",1
"[""wv"",638]",1
"[""co"",605]",1
"[""md"",619]",1
"[""mt"",604]",4
"[""ma"",624]",1
"[""ky"",603]",4
"[""ri"",670]",1
"[""id"",617]",1
"[""ks"",695]",1
"[""sd"",636]",2
"[""ne"",689]",1
"[""or"",608]",2
"[""co"",677]",2
"[""wv"",647]",1
"[""il"",680]",3
"[""de"",676]",1
"[""me"",602]",1
"[""ky"",624]",1
"[""me"",626]",1
"[""wy"",618]",4
"[""ks"",662]",1
"[""me"",695]",2
"[""in"",618]",1
"[""dc"",636]",3
"[""nc"",608]",1
"[""nv"",654]",1
"[""nm"",667]",1
"[""mt"",665]",3
"[""in"",607]",3
"[""mi"",677]",2
"[""in"",671]",1
"[""or"",600]",2
"[""az"",693]",2
"[""sc"",625]",1
"[""dc"",603]",2
"[""sd"",646]",1
"[""id"",666]",4
"[""wa"",631]",1
"[""il"",608]",2
"[""nm"",649]",1
"[""wa"",665]",3
"[""ks"",683]",1
"[""ak"",674]",2
"[""ri"",672]",1
"[""az"",621]",2
"[""mn"",670]",1
"[""ks"",616]",1
"[""nh"",690]",1
"[""nc"",683]",2
"[""ks"",679]",1
"[""ca"",678]",1
"[""la"",689]",2
"[""mo"",664]",3
"[""az"",618]",1
"[""ms"",679]",1
"[""oh"",654]",1
"[""or"",631]",1
"[""fl"",660]",2
"[""ut"",654]",1
"[""ok"",642]",2
"[""hi"",665]",1
"[""sd"",683]",1
"[""dc"",638]",1
"[""hi"",664]",2
"[""ny"",655]",2
"[""ar"",633]",1
"[""ia"",677]",2
"[""al"",655]",2
"[""wy"",672]",3
"[""ca"",608]",4
"[""wv"",653]",2
"[""de"",612]",1
"[""co"",669]",2
"[""ms"",640]",1
"[""nd"",665]",1
"[""la"",677]",2
"[""ms"",606]",1
"[""ri"",631]",1
"[""tn"",639]",2
"[""nv"",687]",1
"[""ma"",661]",1
"[""va"",617]",1
"[""al"",651]",1
"[""ky"",695]",2
"[""md"",663]",2
"[""in"",622]",1
"[""ga"",676]",1
"[""sc"",611]",1
"[""ny"",672]",1
"[""co"",684]",2
"[""ks"",648]",1
"[""nm"",671]",1
"[""mo"",690]",4
"[""ri"",652]",3
"[""vt"",692]",2
"[""tn"",670]",2
"[""nd"",690]",3
"[""mt"",651]",1
"[""hi"",638]",1
"[""or"",652]",2
"[""ks"",688]",1
"[""mn"",616]",1
"[""la"",612]",1
"[""co"",667]",2
"[""ks"",609]",1
"[""md"",641]",1
"[""mn"",613]",1
"[""la"",648]",1
"[""ca"",640]",2
"[""or"",666]",1
"[""mt"",614]",1
"[""la"",640]",1
"[""dc"",681]",3
"[""mt"",624]",2
"[""wv"",678]",1
"[""de"",653]",1
"[""ok"",656]",2
"[""mi"",659]",1
"[""fl"",624]",1
"[""mt"",661]",3
"[""nj"",667]",2
"[""al"",653]",2
"[""dc"",660]",2
"[""ak"",618]",2
"[""la"",672]",1
"[""ok"",677]",1
"[""dc"",611]",1
"[""or"",618]",1
"[""ia"",603]",2
"[""wa"",692]",2
"[""la"",665]",1
"[""ky"",601]",1
"[""ny"",667]",2
"[""nh"",661]",1
"[""co"",600]",2
"[""ky"",635]",3
"[""sd"",656]",3
"[""ia"",622]",5
"[""ak"",643]",3
"[""pa"",665]",4
"[""tx"",686]",1
"[""pa"",668]",2
"[""ks"",642]",1
"[""az"",615]",2
"[""pa"",646]",1
"[""ny"",650]",3
"[""md"",612]",1
"[""de"",636]",2
"[""mt"",642]",2
"[""tn"",660]",2
"[""nh"",633]",1
"[""ny"",629]",1
"[""md"",687]",3
"[""az"",651]",1
"[""ri"",675]",2
"[""il"",647]",2
"[""ar"",680]",2
"[""va"",673]",1
"[""mn"",667]",1
"[""ar"",676]",3
"[""az"",648]",3
"[""al"",676]",1
"[""ri"",642]",1
"[""sd"",641]",2
"[""wi"",651]",1
"[""in"",613]",1
"[""mi"",629]",3
"[""wi"",630]",3
"[""ks"",604]",2
"[""ky"",656]",1
"[""sc"",685]",1
"[""ky"",658]",2
"[""or"",637]",1
"[""dc"",654]",3
"[""pa"",684]",2
"[""ms"",600]",2
"[""ca"",626]",1
"[""ky"",617]",3
"[""ut"",660]",2
"[""wa"",699]",2
"[""ms"",699]",2
"[""sd"",658]",1
"[""de"",628]",1
"[""al"",670]",2
"[""fl"",697]",1
"[""fl"",618]",3
"[""sd"",673]",1
"[""ny"",622]",1
"[""nc"",681]",1
"[""ok"",650]",2
"[""nc"",612]",1
"[""ms"",693]",2
"[""az"",654]",3
"[""de"",609]",1
"[""mo"",700]",1
"[""wa"",689]",1
"[""tx"",609]",2
"[""ca"",642]",2
"[""nj"",660]",1
"[""nv"",694]",2
"[""pa"",681]",1
"[""fl"",621]",3
"[""wv"",682]",1
"[""id"",652]",2
"[""ar"",639]",2
"[""nh"",673]",1
"[""nc"",663]",2
"[""va"",607]",1
"[""mt"",683]",3
"[""in"",661]",1
"[""ms"",669]",1
"[""mi"",602]",1
"[""ia"",673]",2
"[""in"",694]",1
"[""nd"",651]",1
"[""ne"",656]",2
"[""ct"",667]",2
"[""pa"",688]",1
"[""wi"",601]",2
"[""ms"",666]",1
"[""or"",653]",1
"[""nh"",668]",2
"[""ca"",661]",1
"[""ma"",689]",1
"[""id"",633]",1
"[""nd"",672]",1
"[""me"",631]",2
"[""ak"",605]",1
"[""sc"",633]",1
"[""pa"",605]",2
"[""ut"",683]",1
"[""md"",698]",2
"[""ky"",637]",1
"[""il"",604]",2
"[""nj"",636]",1
"[""nc"",686]",2
"[""md"",697]",2
"[""ms"",667]",1
"[""hi"",600]",2
"[""ct"",694]",2
"[""ny"",618]",2
"[""or"",667]",1
"[""ne"",672]",3
"[""in"",691]",1
"[""or"",691]",1
"[""wy"",691]",2
"[""ut"",640]",1
"[""ca"",609]",2
"[""ga"",662]",1
"[""ri"",600]",1
"[""nh"",651]",2
"[""ne"",632]",2
"[""wy"",677]",1
"[""co"",637]",1
"[""vt"",672]",1
"[""mi"",609]",1
"[""va"",638]",2
"[""ks"",626]",1
"[""mt"",689]",2
"[""tn"",669]",1
"[""wv"",607]",1
"[""sc"",635]",1
"[""sd"",615]",2
"[""mn"",642]",1
"[""ak"",636]",1
"[""ks"",686]",1
"[""md"",652]",3
"[""vt"",641]",1
"[""tx"",621]",3
"[""ok"",698]",1
"[""fl"",610]",2
"[""az"",672]",2
"[""ks"",601]",1
"[""pa"",685]",3
"[""nv"",643]",1
"[""mt"",655]",1
"[""wa"",642]",2
"[""ca"",663]",2
"[""ks"",608]",1
"[""nc"",603]",2
"[""dc"",639]",1
"[""nm"",673]",3
"[""ny"",638]",1
"[""me"",652]",3
"[""md"",693]",1
"[""ri"",620]",2
"[""co"",649]",1
"[""ne"",674]",1
"[""fl"",639]",3
"[""nv"",613]",1
"[""wa"",670]",3
"[""wv"",686]",5
"[""md"",668]",1
"[""ri"",662]",2
"[""ct"",618]",1
"[""ms"",627]",2
"[""id"",644]",1
"[""oh"",677]",1
"[""il"",684]",1
"[""va"",651]",1
"[""sd"",647]",2
"[""wi"",634]",1
"[""mn"",658]",1
"[""ky"",636]",2
"[""la"",658]",1
"[""ar"",638]",1
"[""ga"",687]",1
"[""ia"",691]",2
"[""me"",614]",1
"[""nh"",695]",1
"[""ct"",675]",2
"[""vt"",688]",2
"[""az"",692]",1
"[""ia"",604]",1
"[""al"",634]",1
"[""or"",611]",1
"[""ak"",649]",1
"[""ca"",650]",5
"[""ut"",623]",1
"[""ct"",699]",1
"[""nh"",625]",1
"[""co"",641]",1
"[""va"",685]",1
"[""mn"",674]",2
"[""ga"",609]",1
"[""co"",674]",1
"[""nm"",616]",1
"[""ky"",644]",1
"[""sd"",671]",1
"[""az"",652]",2
"[""az"",619]",1
"[""vt"",679]",1
"[""ia"",647]",3
"[""mt"",676]",1
"[""md"",674]",2
"[""id"",697]",2
"[""nd"",686]",3
"[""hi"",651]",1
"[""wa"",682]",3
"[""id"",638]",1
"[""in"",673]",1
"[""ct"",651]",3
"[""ks"",646]",1
"[""ca"",636]",1
"[""sd"",685]",1
"[""ok"",606]",1
"[""ar"",685]",2
"[""ne"",683]",2
"[""or"",675]",2
"[""ak"",681]",3
"[""al"",616]",2
"[""ar"",662]",1
"[""nv"",685]",1
"[""wi"",611]",1
"[""tn"",686]",1
"[""az"",635]",3
"[""ut"",617]",1
"[""wv"",683]",2
"[""nm"",678]",4
"[""wy"",667]",1
"[""il"",661]",1
"[""ms"",605]",1
"[""ny"",632]",1
"[""nh"",699]",1
"[""ca"",672]",2
"[""nh"",617]",1
"[""ct"",632]",1
"[""il"",639]",1
"[""al"",654]",1
"[""wi"",617]",1
"[""ma"",671]",1
"[""in"",687]",1
"[""wa"",674]",1
"[""mn"",652]",1
"[""tn"",683]",3
"[""ct"",617]",1
"[""ok"",699]",1
"[""md"",682]",3
"[""tx"",651]",1
"[""wy"",620]",1
"[""vt"",695]",1
"[""pa"",621]",2
"[""mi"",636]",2
"[""al"",700]",1
"[""mo"",678]",1
"[""ct"",677]",2
"[""md"",640]",1
"[""tx"",654]",3
"[""nm"",614]",1
"[""ms"",649]",1
"[""mn"",628]",1
"[""ma"",698]",2
"[""ky"",604]",2
"[""wa"",648]",3
"[""md"",626]",2
"[""wi"",609]",2
"[""nv"",620]",1
"[""ga"",672]",1
"[""oh"",684]",1
"[""tn"",607]",1
"[""wa"",673]",2
"[""la"",641]",2
"[""nc"",678]",3
"[""ut"",675]",2
"[""tn"",621]",1
"[""ga"",613]",1
"[""or"",650]",1
"[""ga"",646]",2
"[""ok"",648]",1
"[""ct"",600]",1
"[""ky"",602]",2
"[""tn"",700]",2
"[""va"",656]",1
"[""me"",629]",1
"[""nm"",623]",1
"[""mi"",625]",1
"[""la"",604]",2
"[""vt"",642]",1
"[""id"",621]",4
"[""hi"",656]",2
"[""id"",609]",2
"[""oh"",644]",2
"[""nd"",632]",3
"[""ok"",661]",1
"[""ar"",637]",1
"[""la"",699]",2
"[""nd"",658]",3
"[""ri"",694]",3
"[""ms"",610]",1
"[""sd"",632]",1
"[""md"",654]",2
"[""az"",606]",1
"[""sd"",650]",2
"[""ia"",652]",2
"[""la"",628]",1
"[""nm"",687]",1
"[""md"",616]",3
"[""vt"",671]",1
"[""vt"",623]",2
"[""ma"",609]",1
"[""ma"",678]",1
"[""mt"",700]",1
"[""sd"",692]",3
"[""nd"",644]",2
"[""vt"",636]",2
"[""la"",690]",1
"[""ri"",610]",2
"[""ar"",601]",1
"[""ri"",611]",1
"[""co"",627]",1
"[""tn"",682]",1
"[""pa"",607]",2
"[""nj"",686]",2
"[""al"",609]",2
"[""al"",630]",1
"[""dc"",618]",2
"[""ut"",663]",1
"[""wv"",621]",1
"[""co"",618]",2
"[""tx"",642]",1
"[""ct"",607]",1
"[""mo"",672]",1
"[""sc"",660]",1
"[""az"",612]",2
"[""ak"",607]",1
"[""mn"",686]",1
"[""ga"",625]",2
"[""ca"",628]",2
"[""az"",638]",2
"[""la"",602]",1
"[""mi"",637]",2
"[""tx"",630]",1
"[""md"",633]",4
"[""nj"",625]",1
"[""ms"",603]",2
"[""ak"",668]",1
"[""mo"",666]",1
"[""sd"",630]",2
"[""ky"",643]",3
"[""in"",631]",3
"[""la"",649]",2
"[""ms"",695]",3
"[""ky"",688]",1
"[""tn"",617]",1
"[""me"",638]",1
"[""in"",653]",1
"[""me"",689]",1
"[""tn"",685]",1
"[""or"",641]",1
"[""wi"",671]",5
"[""id"",650]",2
"[""nm"",655]",1
"[""ms"",660]",2
"[""ms"",633]",3
"[""ne"",612]",1
"[""dc"",675]",1
"[""md"",672]",4
"[""ma"",614]",2
"[""wi"",625]",1
"[""wy"",640]",2
"[""az"",665]",2
"[""nd"",627]",2
"[""id"",639]",1
"[""ct"",640]",2
"[""nv"",656]",3
"[""mi"",618]",1
"[""la"",695]",4
"[""tn"",622]",1
"[""wv"",667]",3
"[""il"",687]",3
"[""ut"",673]",2
"[""ne"",611]",1
"[""in"",649]",4
"[""wy"",666]",3
"[""ma"",640]",1
"[""nh"",656]",2
"[""in"",605]",3
"[""dc"",683]",2
"[""ma"",682]",1
"[""wa"",607]",1
"[""ak"",656]",1
"[""pa"",647]",1
"[""ks"",671]",1
"[""mn"",679]",1
"[""mn"",677]",2
"[""wy"",695]",2
"[""al"",636]",2
"[""tx"",646]",2
"[""il"",696]",2
"[""vt"",694]",2
"[""oh"",696]",2
"[""ct"",660]",1
"[""mt"",625]",1
"[""mi"",680]",1
"[""dc"",689]",1
"[""ut"",664]",1
"[""fl"",657]",1
"[""mi"",654]",1
"[""ut"",666]",1
"[""nc"",698]",3
"[""al"",617]",2
"[""az"",690]",1
"[""mn"",641]",1
"[""ma"",699]",1
"[""md"",673]",1
"[""dc"",695]",1
"[""in"",689]",2
"[""ne"",650]",1
"[""co"",691]",2
"[""co"",672]",1
"[""ok"",697]",2
"[""de"",635]",3
"[""wa"",613]",2
"[""or"",663]",1
"[""nc"",685]",1
"[""oh"",693]",1
"[""or"",648]",1
"[""or"",677]",1
"[""la"",685]",2
"[""ky"",650]",2
"[""wv"",635]",2
"[""tx"",699]",1
"[""nm"",642]",1
"[""az"",649]",1
"[""sc"",665]",1
"[""pa"",660]",1
"[""ok"",638]",1
"[""nh"",619]",1
"[""md"",658]",2
"[""tn"",688]",2
"[""mi"",643]",2
"[""tx"",678]",1
"[""sd"",657]",1
"[""va"",639]",2
"[""wa"",697]",2
"[""nj"",601]",1
"[""ok"",676]",1
"[""mn"",694]",1
"[""vt"",630]",1
"[""ok"",604]",2
"[""ky"",669]",1
"[""nc"",670]",3
"[""nc"",600]",3
"[""ga"",682]",3
"[""nj"",698]",2
"[""la"",639]",2
"[""oh"",685]",1
"[""ms"",696]",3
"[""md"",631]",2
"[""fl"",700]",2
"[""in"",619]",1
"[""ok"",654]",1
"[""ri"",645]",2
"[""mn"",660]",1
"[""la"",697]",1
"[""mi"",621]",2
"[""in"",693]",4
"[""pa"",612]",2
"[""ne"",619]",1
"[""al"",692]",1
"[""dc"",669]",1
"[""co"",651]",1
"[""va"",636]",1
"[""va"",675]",1
"[""or"",693]",4
"[""tx"",608]",2
"[""al"",696]",1
"[""ky"",640]",2
"[""tn"",643]",2
"[""in"",660]",3
"[""mo"",696]",2
"[""ny"",633]",1
"[""id"",618]",3
"[""fl"",648]",1
"[""sd"",682]",1
"[""ms"",677]",1
"[""ny"",695]",1
"[""va"",678]",1
"[""wi"",616]",1
"[""me"",675]",2
"[""ne"",678]",1
"[""al"",679]",1
"[""ia"",653]",1
"[""vt"",633]",2
"[""ks"",692]",1
"[""oh"",630]",3
"[""az"",683]",2
"[""oh"",667]",3
"[""dc"",676]",3
"[""ut"",612]",1
"[""nd"",660]",1
"[""ne"",617]",1
"[""ne"",633]",1
"[""tn"",674]",2
"[""mt"",673]",1
"[""nj"",654]",1
"[""ar"",603]",1
"[""nj"",634]",3
"[""sd"",651]",3
"[""mt"",674]",2
"[""az"",673]",1
"[""co"",644]",1
"[""pa"",677]",4
"[""de"",686]",1
"[""ky"",654]",4
"[""ia"",695]",3
"[""ia"",607]",1
"[""wi"",689]",1
"[""or"",602]",3
"[""hi"",632]",2
"[""nv"",630]",1
"[""ks"",649]",2
"[""ne"",660]",1
"[""il"",645]",1
"[""vt"",697]",1
"[""tn"",632]",1
"[""nc"",690]",3
"[""sc"",648]",1
"[""ar"",683]",3
"[""co"",687]",2
"[""mn"",649]",1
"[""wy"",643]",1
"[""sd"",602]",1
"[""ar"",635]",2
"[""ak"",642]",2
"[""ny"",656]",1
"[""or"",603]",1
"[""nm"",603]",1
"[""nj"",672]",1
"[""ia"",627]",1
"[""mo"",657]",1
"[""or"",636]",1
"[""nm"",681]",1
"[""wi"",648]",1
"[""nv"",668]",1
"[""nj"",627]",1
"[""ak"",655]",2
"[""mi"",603]",1
"[""ma"",615]",2
"[""co"",654]",1
"[""ok"",668]",1
"[""la"",606]",3
"[""ms"",619]",2
"[""oh"",632]",1
"[""ak"",667]",2
"[""ar"",656]",2
"[""ak"",660]",2
"[""wa"",630]",1
"[""ma"",662]",4
"[""me"",682]",1
"[""mt"",685]",3
"[""nc"",687]",1
"[""vt"",673]",1
"[""ia"",676]",1
"[""mi"",672]",1
"[""ny"",601]",1
"[""sd"",607]",1
"[""ga"",669]",3
"[""nv"",653]",1
"[""tn"",628]",2
"[""il"",677]",2
"[""mn"",621]",1
"[""ri"",683]",1
"[""dc"",630]",2
"[""ky"",670]",2
"[""mi"",632]",2
"[""ny"",684]",1
"[""vt"",608]",2
"[""hi"",608]",1
"[""hi"",685]",1
"[""id"",655]",1
"[""ne"",636]",1
"[""tx"",644]",1
"[""wy"",609]",1
"[""ms"",662]",3
"[""md"",603]",2
"[""mn"",605]",1
"[""al"",604]",2
"[""ms"",620]",1
"[""va"",681]",1
"[""id"",681]",3
"[""sd"",662]",2
"[""az"",656]",2
"[""ut"",602]",3
"[""ri"",643]",2
"[""vt"",612]",2
"[""oh"",666]",1
"[""mi"",692]",2
"[""de"",677]",1
"[""la"",643]",2
"[""tx"",696]",2
"[""wa"",617]",1
"[""ia"",630]",1
"[""mi"",658]",1
"[""la"",653]",2
"[""tx"",663]",1
"[""nc"",655]",2
"[""co"",682]",1
"[""wv"",613]",2
"[""vt"",656]",1
"[""mn"",678]",1
"[""ar"",608]",1
"[""de"",634]",1
"[""mi"",698]",2
"[""ri"",604]",1
"[""nm"",631]",2
"[""sc"",661]",1
"[""mi"",697]",1
"[""ky"",649]",1
"[""wi"",697]",1
"[""wa"",672]",1
"[""tn"",671]",1
"[""wy"",684]",1
"[""wy"",616]",2
"[""id"",602]",2
"[""ok"",673]",1
"[""sd"",603]",2
"[""ia"",680]",2
"[""id"",648]",1
"[""in"",600]",3
"[""ms"",647]",1
"[""ar"",690]",1
"[""nv"",673]",1
"[""mn"",615]",2
"[""pa"",635]",1
"[""az"",632]",1
"[""ar"",691]",1
"[""al"",673]",4
"[""nm"",684]",1
"[""ga"",651]",4
"[""ar"",634]",1
"[""va"",603]",1
"[""dc"",627]",1
"[""sc"",605]",2
"[""nd"",628]",1
"[""ri"",627]",1
"[""me"",666]",1
"[""wv"",669]",1
"[""ar"",621]",2
"[""il"",693]",4
"[""nh"",630]",1
"[""wy"",696]",1
"[""me"",667]",1
"[""al"",618]",1
"[""nc"",669]",2
"[""ga"",681]",1
"[""nc"",694]",3
"[""tn"",696]",1
"[""az"",679]",3
"[""ks"",640]",2
"[""fl"",662]",1
"[""tx"",645]",1
"[""ct"",648]",3
"[""ut"",620]",1
"[""wa"",668]",3
"[""ks"",605]",1
"[""la"",667]",2
"[""ut"",695]",4
"[""ok"",688]",1
"[""sd"",659]",2
"[""nd"",683]",1
"[""hi"",613]",1
"[""hi"",637]",1
"[""la"",660]",1
"[""id"",676]",1
"[""nv"",629]",1
"[""ok"",689]",1
"[""de"",665]",1
"[""dc"",693]",2
"[""md"",659]",2
"[""or"",616]",2
"[""id"",660]",1
"[""ga"",638]",1
"[""ga"",614]",1
"[""il"",656]",1
"[""mo"",676]",1
"[""co"",661]",2
"[""sd"",681]",1
"[""nj"",618]",1
"[""ia"",641]",1
"[""ms"",668]",1
"[""ut"",681]",2
"[""co"",606]",3
"[""nd"",633]",2
"[""tn"",641]",1
"[""vt"",640]",2
"[""me"",690]",1
"[""tx"",671]",1
"[""md"",622]",1
"[""pa"",609]",1
"[""wy"",689]",1
"[""de"",613]",1
"[""ut"",686]",2
"[""sd"",669]",1
"[""hi"",630]",1
"[""in"",680]",1
"[""wa"",632]",1
"[""pa"",693]",1
"[""nc"",626]",1
"[""in"",697]",2
"[""pa"",643]",1
"[""dc"",614]",1
"[""mi"",673]",3
"[""ny"",663]",1
"[""la"",637]",1
"[""ct"",690]",3
"[""in"",666]",1
"[""mo"",645]",1
"[""pa"",645]",1
"[""az"",604]",2
"[""ri"",613]",2
"[""la"",608]",1
"[""de"",688]",1
"[""nj"",682]",1
"[""ne"",686]",2
"[""mo"",652]",1
"[""va"",671]",1
"[""mo"",669]",3
"[""vt"",637]",3
"[""il"",640]",3
"[""nj"",681]",1
"[""ks"",613]",1
"[""wy"",638]",1
"[""oh"",679]",1
"[""nd"",617]",1
"[""or"",679]",2
"[""ga"",653]",1
"[""co"",653]",2
"[""mi"",664]",1
"[""sc"",610]",1
"[""nc"",633]",1
"[""ar"",681]",2
"[""hi"",690]",1
"[""wa"",660]",1
"[""ri"",636]",1
"[""ok"",639]",1
"[""mn"",612]",1
"[""wv"",685]",2
"[""ms"",658]",1
"[""nc"",682]",1
"[""wa"",612]",1
"[""nc"",627]",1
"[""ks"",682]",1
"[""or"",633]",2
"[""nj"",673]",1
"[""wa"",694]",2
"[""ok"",680]",1
"[""mn"",680]",2
"[""tn"",676]",1
"[""md"",606]",1
"[""ia"",668]",1
"[""fl"",699]",1
"[""ny"",671]",1
"[""ga"",691]",2
"[""ks"",657]",1
"[""ia"",618]",1
"[""id"",691]",3
"[""or"",609]",1
"[""co"",609]",2
"[""hi"",679]",2
"[""dc"",641]",2
"[""in"",612]",2
"[""co"",625]",2
"[""vt"",620]",2
"[""wi"",646]",1
"[""mo"",649]",1
"[""id"",637]",1
"[""nd"",619]",1
"[""oh"",639]",2
"[""ny"",669]",1
"[""ga"",658]",1
"[""ks"",631]",2
"[""wa"",656]",2
"[""ny"",682]",1
"[""sd"",684]",2
"[""tn"",664]",1
"[""in"",647]",3
"[""ak"",673]",1
"[""me"",660]",1
"[""hi"",677]",2
"[""ny"",644]",1
"[""ok"",614]",2
"[""ms"",645]",2
"[""ct"",647]",1
"[""il"",614]",3
"[""vt"",606]",2
"[""ar"",604]",1
"[""wv"",627]",1
"[""va"",630]",3
"[""ca"",604]",1
"[""nc"",638]",1
"[""il"",665]",1
"[""nh"",689]",2
"[""nv"",692]",1
"[""nc"",700]",1
"[""hi"",636]",1
"[""or"",629]",1
"[""ut"",693]",3
"[""sd"",638]",1
"[""tn"",689]",1
"[""la"",619]",2
"[""wy"",687]",1
"[""nd"",624]",1
"[""sc"",634]",1
"[""la"",624]",1
"[""nm"",679]",3
"[""me"",624]",1
"[""ut"",601]",3
"[""mi"",666]",2
"[""wa"",611]",2
"[""ne"",618]",2
"[""ok"",625]",2
"[""pa"",613]",3
"[""ok"",660]",1
"[""ca"",670]",4
"[""fl"",609]",1
"[""id"",626]",1
"[""wv"",630]",3
"[""ok"",602]",2
"[""nh"",615]",1
"[""al"",610]",2
"[""ne"",645]",1
"[""mn"",614]",1
"[""wi"",672]",1
"[""la"",617]",1
"[""ga"",679]",5
"[""ri"",635]",1
"[""ca"",603]",3
"[""ne"",654]",1
"[""ca"",606]",3
"[""il"",643]",1
"[""ga"",628]",2
"[""nc"",674]",1
"[""ma"",684]",2
"[""hi"",657]",1
"[""wv"",665]",3
"[""pa"",656]",1
"[""ma"",693]",2
"[""hi"",635]",1
"[""ks"",614]",2
"[""mt"",691]",3
"[""fl"",689]",1
"[""ok"",686]",1
"[""nj"",693]",2
"[""me"",651]",1
"[""id"",661]",1
"[""fl"",652]",1
"[""ne"",624]",1
"[""ia"",687]",1
"[""ma"",600]",3
"[""nc"",631]",3
"[""ne"",666]",2
"[""ok"",671]",1
"[""ny"",654]",1
"[""vt"",674]",1
"[""wv"",698]",1
"[""ga"",677]",1
"[""ky"",619]",3
"[""ma"",625]",1
"[""ia"",671]",1
"[""mo"",619]",1
"[""nh"",665]",2
"[""wa"",690]",2
"[""ga"",643]",2
"[""nv"",672]",1
"[""nc"",624]",1
"[""wv"",689]",1
"[""ky"",621]",1
"[""va"",600]",1
"[""wv"",611]",1
"[""sc"",656]",1
"[""ok"",692]",2
"[""al"",677]",1
"[""al"",669]",1
"[""nv"",618]",4
"[""wa"",640]",1
"[""md"",636]",2
"[""va"",676]",2
"[""ma"",637]",1
"[""ks"",600]",3
"[""nj"",678]",2
"[""nv"",650]",1
"[""fl"",632]",1
"[""ak"",679]",1
"[""mn"",631]",3
"[""ar"",611]",2
"[""pa"",641]",4
"[""ga"",693]",3
"[""in"",696]",1
"[""ga"",616]",2
"[""mo"",685]",1
"[""in"",625]",1
"[""az"",611]",3
"[""wa"",635]",1
"[""de"",689]",1
"[""hi"",612]",2
"[""ms"",607]",1
"[""mt"",606]",3
"[""wa"",681]",2
"[""ok"",662]",1
"[""fl"",642]",2
"[""ia"",654]",3
"[""ne"",671]",1
"[""nv"",631]",1
"[""wa"",610]",2
"[""wy"",648]",1
"[""ca"",605]",1
"[""ny"",628]",2
"[""de"",656]",3
"[""nm"",674]",1
"[""nj"",651]",1
"[""tn"",673]",1
"[""va"",642]",2
"[""tx"",695]",2
"[""in"",638]",2
"[""nm"",699]",1
"[""nh"",637]",1
"[""ca"",688]",5
"[""co"",690]",2
"[""ca"",652]",1
"[""nj"",632]",1
"[""ks"",639]",2
"[""or"",610]",2
"[""wi"",664]",2
"[""ri"",609]",2
"[""fl"",658]",2
"[""de"",617]",3
"[""pa"",623]",1
"[""ut"",655]",1
"[""al"",671]",1
"[""nv"",634]",1
"[""nd"",699]",4
"[""ga"",659]",3
"[""mn"",651]",1
"[""la"",673]",2
"[""ca"",667]",1
"[""co"",620]",4
"[""ma"",670]",1
"[""ia"",614]",1
"[""ar"",626]",3
"[""mo"",604]",1
"[""co"",676]",2
"[""ia"",624]",1
"[""ut"",647]",2
"[""mn"",611]",1
"[""pa"",652]",1
"[""ky"",676]",1
"[""wa"",619]",1
"[""nh"",645]",1
"[""me"",650]",1
"[""nc"",652]",2
"[""sc"",699]",1
"[""dc"",696]",2
"[""ca"",616]",1
"[""me"",699]",1
"[""ut"",632]",1
"[""ks"",656]",2
"[""co"",660]",1
"[""fl"",661]",1
"[""nh"",684]",1
"[""me"",640]",3
"[""mn"",602]",1
"[""nv"",627]",2
"[""ia"",686]",1
"[""az"",607]",2
"[""sc"",608]",1
"[""ia"",656]",2
"[""ri"",624]",1
"[""nh"",646]",2
"[""ga"",637]",3
"[""nm"",659]",1
"[""sc"",655]",1
"[""ak"",672]",1
"[""pa"",678]",1
"[""ok"",622]",2
"[""or"",617]",1
"[""wv"",641]",5
"[""wa"",700]",2
"[""wv"",648]",2
"[""nm"",644]",1
"[""ks"",660]",1
"[""ut"",615]",2
"[""ca"",659]",1
"[""wy"",605]",2
"[""ri"",664]",1
"[""mt"",663]",3
"[""ok"",665]",1
"[""mn"",663]",1
"[""nj"",684]",1
"[""nj"",620]",1
"[""nm"",641]",1
"[""ny"",609]",1
"[""mi"",689]",2
"[""id"",646]",1
"[""ms"",650]",4
"[""sc"",619]",2
"[""ca"",634]",1
"[""wv"",664]",2
"[""al"",648]",2
"[""in"",656]",1
"[""hi"",694]",1
"[""ia"",600]",3
"[""ne"",659]",4
"[""sd"",627]",2
"[""ks"",685]",1
"[""ar"",675]",1
"[""wi"",633]",1
"[""va"",688]",2
"[""nj"",688]",1
"[""mi"",607]",1
"[""ct"",662]",1
"[""ok"",694]",1
"[""sd"",604]",1
"[""de"",607]",1
"[""ct"",619]",1
"[""ks"",699]",1
"[""mt"",694]",1
"[""ny"",688]",2
"[""ky"",681]",4
"[""tx"",611]",1
"[""dc"",640]",1
"[""ar"",610]",3
"[""az"",671]",1
"[""wv"",633]",1
"[""dc"",690]",3
"[""al"",684]",1
"[""wa"",609]",1
"[""in"",672]",2
"[""la"",622]",1
"[""oh"",640]",1
"[""co"",671]",3
"[""az"",639]",3
"[""nd"",661]",1
"[""vt"",657]",2
"[""nv"",679]",1
"[""tx"",659]",2
"[""in"",664]",1
"[""mn"",654]",2
"[""ut"",652]",1
"[""mn"",636]",1
"[""in"",650]",1
"[""nh"",647]",1
"[""tx"",677]",1
"[""wy"",668]",4
"[""mi"",687]",1
"[""ia"",649]",2
"[""sc"",646]",1
"[""ky"",622]",4
"[""nc"",673]",1
"[""tx"",605]",2
"[""ky"",683]",1
"[""ak"",698]",1
"[""nc"",656]",1
"[""vt"",615]",1
"[""mt"",668]",1
"[""dc"",700]",2
"[""wy"",653]",1
"[""id"",663]",1
"[""ga"",606]",1
"[""in"",639]",1
"[""de"",626]",3
"[""tn"",603]",1
"[""ut"",638]",2
